{"[fold0] loss": 0.0832751989364624, "[fold0] lr": 3.0029529544908127e-05, "_timestamp": 1667757297.3419578, "_runtime": 13629.606831789017, "_step": 22044, "[fold0] epoch": 5, "[fold0] avg_train_loss": 0.09209789380600507, "[fold0] avg_val_loss": 0.10591224106528875, "[fold0] score": 0.4605326781689431, "[fold1] loss": 0.10532431304454803, "[fold1] lr": 3.0029529544908127e-05, "[fold1] epoch": 5, "[fold1] avg_train_loss": 0.08871073635633696, "[fold1] avg_val_loss": 0.11157534705937061, "[fold1] score": 0.47322778299814977, "[fold2] loss": 0.08052901923656464, "[fold2] lr": 3.0029529544908127e-05, "[fold2] epoch": 5, "[fold2] avg_train_loss": 0.09038973056118596, "[fold2] avg_val_loss": 0.12616459160204738, "[fold2] score": 0.5032979867482478, "[fold3] loss": 0.081123948097229, "[fold3] lr": 3.0029529544908127e-05, "[fold3] epoch": 5, "[fold3] avg_train_loss": 0.09471007209609855, "[fold3] avg_val_loss": 0.11412806721294627, "[fold3] score": 0.4785591088832534, "[fold4] loss": 0.11232036352157593, "[fold4] lr": 3.0029529544908127e-05, "[fold4] epoch": 5, "[fold4] avg_train_loss": 0.09014834157106551, "[fold4] avg_val_loss": 0.12067150745702826, "[fold4] score": 0.49319373906376773, "[fold5] loss": 0.07917442917823792, "[fold5] lr": 3.0029529544908127e-05, "[fold5] epoch": 5, "[fold5] avg_train_loss": 0.09176102271303535, "[fold5] avg_val_loss": 0.11189024169426745, "[fold5] score": 0.47367932649016514, "[fold6] loss": 0.09092788398265839, "[fold6] lr": 3.0029529544908127e-05, "[fold6] epoch": 5, "[fold6] avg_train_loss": 0.08536353562958539, "[fold6] avg_val_loss": 0.11731771326354702, "[fold6] score": 0.4855647743582862, "[fold7] loss": 0.11383648961782455, "[fold7] lr": 3.0029529544908127e-05, "[fold7] epoch": 5, "[fold7] avg_train_loss": 0.08786686055192894, "[fold7] avg_val_loss": 0.14258773502943767, "[fold7] score": 0.5350337217595112, "[fold8] loss": 0.055230628699064255, "[fold8] lr": 3.0029529544908127e-05, "[fold8] epoch": 5, "[fold8] avg_train_loss": 0.09530235243622552, "[fold8] avg_val_loss": 0.10780341322998256, "[fold8] score": 0.4654010021459644, "[fold9] loss": 0.052395742386579514, "[fold9] lr": 2.9589939527371196e-05, "[fold9] epoch": 5, "[fold9] avg_train_loss": 0.08484162324042419, "[fold9] avg_val_loss": 0.1204523033633524, "[fold9] score": 0.49041134925263746, "_wandb": {"runtime": 13630}}