{"[fold0] loss": 0.09749668836593628, "[fold0] lr": 1.2399044911638993e-06, "_timestamp": 1668005391.837431, "_runtime": 6061.2192640304565, "_step": 9799, "[fold0] epoch": 5, "[fold0] avg_train_loss": 0.09916045220421098, "[fold0] avg_val_loss": 0.1014809879614874, "[fold0] score": 0.45096889851976013, "[fold1] loss": 0.06451293081045151, "[fold1] lr": 1.2399044911638993e-06, "[fold1] epoch": 5, "[fold1] avg_train_loss": 0.09211544982155266, "[fold1] avg_val_loss": 0.1084555335162091, "[fold1] score": 0.46705257260390426, "[fold2] loss": 0.06775259971618652, "[fold2] lr": 1.2399044911638993e-06, "[fold2] epoch": 5, "[fold2] avg_train_loss": 0.09599601572660534, "[fold2] avg_val_loss": 0.10744567798531574, "[fold2] score": 0.46439500694783575, "[fold3] loss": 0.07487992942333221, "[fold3] lr": 1.2399044911638993e-06, "[fold3] epoch": 5, "[fold3] avg_train_loss": 0.09272038032446066, "[fold3] avg_val_loss": 0.10998329022884978, "[fold3] score": 0.4702745832405543, "[fold4] loss": 0.12549933791160583, "[fold4] lr": 1.2399044911638993e-06, "[fold4] epoch": 5, "[fold4] avg_train_loss": 0.09808599943166499, "[fold4] avg_val_loss": 0.10535379320078189, "[fold4] score": 0.46021533533669823, "_wandb": {"runtime": 6062}}