{"[fold0] loss": 0.1392592340707779, "[fold0] lr": 2.9008604418606298e-05, "_timestamp": 1668835249.3851073, "_runtime": 9262.993386268616, "_step": 6549, "[fold0] epoch": 5, "[fold0] avg_train_loss": 0.11545272599691632, "[fold0] avg_val_loss": 0.11746295497697942, "[fold0] score": 0.4857415119822344, "[fold1] loss": 0.0615723542869091, "[fold1] lr": 2.9008604418606298e-05, "[fold1] epoch": 5, "[fold1] avg_train_loss": 0.11245013066920741, "[fold1] avg_val_loss": 0.11387043323553385, "[fold1] score": 0.47880102618138265, "[fold2] loss": 0.08561014384031296, "[fold2] lr": 2.9008604418606298e-05, "[fold2] epoch": 5, "[fold2] avg_train_loss": 0.11201339804521009, "[fold2] avg_val_loss": 0.12521380894934125, "[fold2] score": 0.5034602064247785, "[fold3] loss": 0.09658609330654144, "[fold3] lr": 2.9008604418606298e-05, "[fold3] epoch": 5, "[fold3] avg_train_loss": 0.11476025132326788, "[fold3] avg_val_loss": 0.11180402186063244, "[fold3] score": 0.4741255105897562, "[fold4] loss": 0.09075766056776047, "[fold4] lr": 2.9008604418606298e-05, "[fold4] epoch": 5, "[fold4] avg_train_loss": 0.1214898258047999, "[fold4] avg_val_loss": 0.11946955959662757, "[fold4] score": 0.49046321222059913, "_wandb": {"runtime": 9264}}