{"[fold0] loss": 0.11055382341146469, "[fold0] lr": 5.801487921078807e-07, "_timestamp": 1667058866.5770934, "_runtime": 8065.4556884765625, "_step": 3642, "[fold0] epoch": 5, "[fold0] avg_train_loss": 0.10782925050992231, "[fold0] avg_val_loss": 0.1132963221815541, "[fold0] score": 0.4765412413995728, "[fold1] loss": 0.09904468059539795, "[fold1] lr": 5.801487921078807e-07, "[fold1] epoch": 5, "[fold1] avg_train_loss": 0.10836857393001899, "[fold1] avg_val_loss": 0.1101393689654796, "[fold1] score": 0.4705410481647589, "[fold2] loss": 0.14389578998088837, "[fold2] lr": 5.801487921078807e-07, "[fold2] epoch": 5, "[fold2] avg_train_loss": 0.10964193126330009, "[fold2] avg_val_loss": 0.12071147473419414, "[fold2] score": 0.49324603479647755, "[fold3] loss": 0.11122866719961166, "[fold3] lr": 1.0008888491777322e-06, "[fold3] epoch": 3, "[fold3] avg_train_loss": 0.11777494591780198, "[fold3] avg_val_loss": 0.115750797035749, "[fold3] score": 0.4824453035958265}