{"[fold0] loss": 0.10171207040548325, "[fold0] lr": 2.0018764593757524e-06, "_timestamp": 1667845488.4979537, "_runtime": 20471.70801758766, "_step": 6628, "[fold0] epoch": 5, "[fold0] avg_train_loss": 0.10149851004508409, "[fold0] avg_val_loss": 0.11423234691095474, "[fold0] score": 0.4792344264763555, "[fold1] loss": 0.10309311002492905, "[fold1] lr": 2.0018764593757524e-06, "[fold1] epoch": 5, "[fold1] avg_train_loss": 0.09583890800448981, "[fold1] avg_val_loss": 0.1108586170789226, "[fold1] score": 0.47258381501781704, "[fold2] loss": 0.07710566371679306, "[fold2] lr": 2.0018764593757524e-06, "[fold2] epoch": 5, "[fold2] avg_train_loss": 0.09997272152792323, "[fold2] avg_val_loss": 0.11042814219699186, "[fold2] score": 0.47111032025335925, "[fold3] loss": 0.1069582849740982, "[fold3] lr": 2.0018764593757524e-06, "[fold3] epoch": 5, "[fold3] avg_train_loss": 0.09928920563649048, "[fold3] avg_val_loss": 0.11017440223251768, "[fold3] score": 0.4700032555208528, "[fold4] loss": 0.09912996739149094, "[fold4] lr": 2.0018764593757524e-06, "[fold4] epoch": 5, "[fold4] avg_train_loss": 0.10035339780151845, "[fold4] avg_val_loss": 0.11904575529000948, "[fold4] score": 0.49020474348173404, "[fold5] loss": 0.13262468576431274, "[fold5] lr": 2.0018764593757524e-06, "[fold5] epoch": 4, "[fold5] avg_train_loss": 0.09734557877210054, "[fold5] avg_val_loss": 0.10153925026316776, "[fold5] score": 0.4507662671223371}