{"[fold0] loss": 0.05154594033956528, "[fold0] lr": 2.6627012625182944e-05, "_timestamp": 1666791348.1796293, "_runtime": 6241.8111073970795, "_step": 19574, "[fold0] epoch": 5, "[fold0] avg_train_loss": 0.07722542425641395, "[fold0] avg_val_loss": 0.13435395404963238, "[fold0] score": 0.5204590358850523, "[fold1] loss": 0.10343639552593231, "[fold1] lr": 2.6627012625182944e-05, "[fold1] epoch": 5, "[fold1] avg_train_loss": 0.07089726258869596, "[fold1] avg_val_loss": 0.14512970112977813, "[fold1] score": 0.5411181053971494, "[fold2] loss": 0.17386755347251892, "[fold2] lr": 2.6627012625182944e-05, "[fold2] epoch": 5, "[fold2] avg_train_loss": 0.06948679359748845, "[fold2] avg_val_loss": 0.11793469904405077, "[fold2] score": 0.4861016816241386, "[fold3] loss": 0.10088451951742172, "[fold3] lr": 2.6627012625182944e-05, "[fold3] epoch": 5, "[fold3] avg_train_loss": 0.07666447308495679, "[fold3] avg_val_loss": 0.12954867953229743, "[fold3] score": 0.5080720577904958, "[fold4] loss": 0.07715829461812973, "[fold4] lr": 2.6627012625182944e-05, "[fold4] epoch": 5, "[fold4] avg_train_loss": 0.07398882128603165, "[fold4] avg_val_loss": 0.10703450690983507, "[fold4] score": 0.4640076161479813, "_wandb": {"runtime": 6228}}