{"[fold0] loss": 0.04642562195658684, "[fold0] lr": 1e-07, "_timestamp": 1666892391.7577004, "_runtime": 14323.39952135086, "_step": 9799, "[fold0] epoch": 10, "[fold0] avg_train_loss": 0.05727870206420238, "[fold0] avg_val_loss": 0.10876840505453632, "[fold0] score": 0.4672082594610731, "[fold1] loss": 0.0525616817176342, "[fold1] lr": 1e-07, "[fold1] epoch": 10, "[fold1] avg_train_loss": 0.06112040378726446, "[fold1] avg_val_loss": 0.1153163878511195, "[fold1] score": 0.4818613325400772, "[fold2] loss": 0.06427572667598724, "[fold2] lr": 1e-07, "[fold2] epoch": 10, "[fold2] avg_train_loss": 0.05859147445895733, "[fold2] avg_val_loss": 0.1186428880866836, "[fold2] score": 0.48912579601820566, "[fold3] loss": 0.042912375181913376, "[fold3] lr": 1e-07, "[fold3] epoch": 10, "[fold3] avg_train_loss": 0.06326231203782252, "[fold3] avg_val_loss": 0.11198008519685482, "[fold3] score": 0.47428743887121855, "[fold4] loss": 0.052040379494428635, "[fold4] lr": 1e-07, "[fold4] epoch": 10, "[fold4] avg_train_loss": 0.061329202487682685, "[fold4] avg_val_loss": 0.11651498353694711, "[fold4] score": 0.4845474409248034, "_wandb": {"runtime": 14323}}