{"[fold0] loss": 0.11768066138029099, "[fold0] lr": 1.6051609871148472e-05, "_timestamp": 1668777245.7386422, "_runtime": 8999.240529298782, "_step": 6670, "[fold0] epoch": 5, "[fold0] avg_train_loss": 0.11346867096585196, "[fold0] avg_val_loss": 0.11035516326460997, "[fold0] score": 0.47112686318647173, "[fold1] loss": 0.07705102860927582, "[fold1] lr": 1.6051609871148472e-05, "[fold1] epoch": 5, "[fold1] avg_train_loss": 0.11264490481164004, "[fold1] avg_val_loss": 0.11225491878249484, "[fold1] score": 0.47535736457669864, "[fold2] loss": 0.16351547837257385, "[fold2] lr": 2.6627012625188568e-05, "[fold2] epoch": 1, "[fold2] avg_train_loss": 0.17100174534428228, "[fold2] avg_val_loss": 0.13159649601906462, "[fold2] score": 0.5171563373982061, "_wandb": {"runtime": 9009}}