{"[fold0] loss": 0.13922889530658722, "[fold0] lr": 2.9008604418606298e-05, "_timestamp": 1668792905.4188259, "_runtime": 10140.112917900085, "_step": 6549, "[fold0] epoch": 5, "[fold0] avg_train_loss": 0.11545497779930688, "[fold0] avg_val_loss": 0.11744923798172065, "[fold0] score": 0.48571257194355333, "[fold1] loss": 0.061551183462142944, "[fold1] lr": 2.9008604418606298e-05, "[fold1] epoch": 5, "[fold1] avg_train_loss": 0.11244998351310405, "[fold1] avg_val_loss": 0.11387727501900868, "[fold1] score": 0.4788123039216237, "[fold2] loss": 0.08563675731420517, "[fold2] lr": 2.9008604418606298e-05, "[fold2] epoch": 5, "[fold2] avg_train_loss": 0.11201026343465764, "[fold2] avg_val_loss": 0.1252296385367203, "[fold2] score": 0.503492973929133, "[fold3] loss": 0.09658290445804596, "[fold3] lr": 2.9008604418606298e-05, "[fold3] epoch": 5, "[fold3] avg_train_loss": 0.1147589661980269, "[fold3] avg_val_loss": 0.11180355296948986, "[fold3] score": 0.47412414261750363, "[fold4] loss": 0.09070982784032822, "[fold4] lr": 2.9008604418606298e-05, "[fold4] epoch": 5, "[fold4] avg_train_loss": 0.1128581704507614, "[fold4] avg_val_loss": 0.11085195164851215, "[fold4] score": 0.4731097130992807, "_wandb": {"runtime": 10145}}