{"[fold0] loss": 0.010001938790082932, "[fold0] lr": 7.914079053679843e-06, "_timestamp": 1668840324.3640158, "_runtime": 971.5119807720184, "_step": 566, "[fold0] epoch": 1, "[fold0] avg_train_loss": 0.10450236184401203, "[fold0] avg_val_loss": 0.10057324254909135, "[fold0] score": 0.4488893013601391}