{"[fold0] loss": 0.0986880511045456, "[fold0] lr": 5.801487921078807e-07, "_timestamp": 1667194560.110749, "_runtime": 18773.509099960327, "_step": 4899, "[fold0] epoch": 5, "[fold0] avg_train_loss": 0.10846635359220015, "[fold0] avg_val_loss": 0.1083379106791428, "[fold0] score": 0.46606440152756745, "[fold1] loss": 0.09204213321208954, "[fold1] lr": 5.801487921078807e-07, "[fold1] epoch": 5, "[fold1] avg_train_loss": 0.10729134461054435, "[fold1] avg_val_loss": 0.11040033116498973, "[fold1] score": 0.4710852193190766, "[fold2] loss": 0.08829253911972046, "[fold2] lr": 5.801487921078807e-07, "[fold2] epoch": 5, "[fold2] avg_train_loss": 0.10599633010152058, "[fold2] avg_val_loss": 0.1114326850761233, "[fold2] score": 0.47319382230081564, "[fold3] loss": 0.0933859571814537, "[fold3] lr": 5.801487921078807e-07, "[fold3] epoch": 5, "[fold3] avg_train_loss": 0.10571796748882685, "[fold3] avg_val_loss": 0.10886099625883809, "[fold3] score": 0.4674760599746326, "[fold4] loss": 0.0923142284154892, "[fold4] lr": 5.801487921078807e-07, "[fold4] epoch": 5, "[fold4] avg_train_loss": 0.11030166689784099, "[fold4] avg_val_loss": 0.11342281705278265, "[fold4] score": 0.4775541997081556, "_wandb": {"runtime": 18776}}