{"[fold0] loss": 0.1711534857749939, "[fold0] lr": 6.315342906861776e-06, "_timestamp": 1668759531.5597277, "_runtime": 123.0129005908966, "_step": 33, "_wandb": {"runtime": 125}}