{"[fold0] loss": 0.14757999777793884, "[fold0] lr": 5.572782349396254e-06, "_timestamp": 1668758767.6299767, "_runtime": 8470.993157863617, "_step": 2776, "[fold0] epoch": 5, "[fold0] avg_train_loss": 0.118004632222579, "[fold0] avg_val_loss": 0.1275628180923721, "[fold0] score": 0.5065427995422492, "[fold1] loss": 0.08611293882131577, "[fold1] lr": 4.203091095904191e-06, "_wandb": {"runtime": 8474}}