{"[fold0] loss": 0.09152766317129135, "[fold0] lr": 1.2399044911638993e-06, "_timestamp": 1667415929.7829852, "_runtime": 6060.61590218544, "_step": 9799, "[fold0] epoch": 5, "[fold0] avg_train_loss": 0.09857819263663743, "[fold0] avg_val_loss": 0.10423580793392323, "[fold0] score": 0.4569522161104365, "[fold1] loss": 0.09754733741283417, "[fold1] lr": 1.2399044911638993e-06, "[fold1] epoch": 5, "[fold1] avg_train_loss": 0.09742265833956201, "[fold1] avg_val_loss": 0.10645616464649885, "[fold1] score": 0.46274075939510034, "[fold2] loss": 0.05913734436035156, "[fold2] lr": 1.2399044911638993e-06, "[fold2] epoch": 5, "[fold2] avg_train_loss": 0.09600763237270553, "[fold2] avg_val_loss": 0.11042215303539316, "[fold2] score": 0.471571033562941, "[fold3] loss": 0.09396211802959442, "[fold3] lr": 1.2399044911638993e-06, "[fold3] epoch": 5, "[fold3] avg_train_loss": 0.0972841929672929, "[fold3] avg_val_loss": 0.1057544938476799, "[fold3] score": 0.46065731948646443, "[fold4] loss": 0.052570343017578125, "[fold4] lr": 1.2399044911638993e-06, "[fold4] epoch": 5, "[fold4] avg_train_loss": 0.09714889735021555, "[fold4] avg_val_loss": 0.1052171670071914, "[fold4] score": 0.45976090077105525, "_wandb": {"runtime": 6061}}