{"[fold0] loss": 0.09057728946208954, "[fold0] lr": 1.2399044911638993e-06, "_timestamp": 1667661465.609788, "_runtime": 6138.051344871521, "_step": 9799, "[fold0] epoch": 5, "[fold0] avg_train_loss": 0.09629293083382384, "[fold0] avg_val_loss": 0.10413315248154008, "[fold0] score": 0.4566748539166521, "[fold1] loss": 0.08725814521312714, "[fold1] lr": 1.2399044911638993e-06, "[fold1] epoch": 5, "[fold1] avg_train_loss": 0.09570489963873878, "[fold1] avg_val_loss": 0.10805682788482876, "[fold1] score": 0.4659662318502253, "[fold2] loss": 0.12740954756736755, "[fold2] lr": 1.2399044911638993e-06, "[fold2] epoch": 5, "[fold2] avg_train_loss": 0.09681439091025106, "[fold2] avg_val_loss": 0.10978071784119472, "[fold2] score": 0.46993557681218684, "[fold3] loss": 0.06984271109104156, "[fold3] lr": 1.2399044911638993e-06, "[fold3] epoch": 5, "[fold3] avg_train_loss": 0.09646625416662992, "[fold3] avg_val_loss": 0.10448103392368083, "[fold3] score": 0.4577208919053149, "[fold4] loss": 0.1113833636045456, "[fold4] lr": 1.2399044911638993e-06, "[fold4] epoch": 5, "[fold4] avg_train_loss": 0.09662183279843281, "[fold4] avg_val_loss": 0.10387952162710297, "[fold4] score": 0.4568509772699263, "_wandb": {"runtime": 6140}}