{"[fold0] loss": 0.11130683869123459, "[fold0] lr": 1.2399044911638993e-06, "_timestamp": 1668598808.8609838, "_runtime": 6052.929546833038, "_step": 9799, "[fold0] epoch": 5, "[fold0] avg_train_loss": 0.10228532177331807, "[fold0] avg_val_loss": 0.10328620906604831, "[fold0] score": 0.4548719120998927, "[fold1] loss": 0.075159952044487, "[fold1] lr": 1.2399044911638993e-06, "[fold1] epoch": 5, "[fold1] avg_train_loss": 0.09532118280944617, "[fold1] avg_val_loss": 0.10664814490810665, "[fold1] score": 0.4628550288208886, "[fold2] loss": 0.0759870633482933, "[fold2] lr": 1.2399044911638993e-06, "[fold2] epoch": 5, "[fold2] avg_train_loss": 0.09785115794109567, "[fold2] avg_val_loss": 0.107797635485754, "[fold2] score": 0.4651609849978761, "[fold3] loss": 0.06666457653045654, "[fold3] lr": 1.2399044911638993e-06, "[fold3] epoch": 5, "[fold3] avg_train_loss": 0.0967976811730191, "[fold3] avg_val_loss": 0.10811738387855423, "[fold3] score": 0.46600912237904485, "[fold4] loss": 0.1102415919303894, "[fold4] lr": 1.2399044911638993e-06, "[fold4] epoch": 5, "[fold4] avg_train_loss": 0.09864475470407845, "[fold4] avg_val_loss": 0.10382652271281728, "[fold4] score": 0.45672234549418644, "_wandb": {"runtime": 6053}}