{"[fold0] loss": 0.10140763223171234, "[fold0] lr": 1.2399044911638993e-06, "_timestamp": 1668651150.7925618, "_runtime": 6071.335948705673, "_step": 9799, "[fold0] epoch": 5, "[fold0] avg_train_loss": 0.10116585406958295, "[fold0] avg_val_loss": 0.1014347353097423, "[fold0] score": 0.45087745944961233, "[fold1] loss": 0.07347413152456284, "[fold1] lr": 1.2399044911638993e-06, "[fold1] epoch": 5, "[fold1] avg_train_loss": 0.0952669897157213, "[fold1] avg_val_loss": 0.10616560467776973, "[fold1] score": 0.46182681021513616, "[fold2] loss": 0.07421895116567612, "[fold2] lr": 1.2399044911638993e-06, "[fold2] epoch": 5, "[fold2] avg_train_loss": 0.09822171510142438, "[fold2] avg_val_loss": 0.10802251485455067, "[fold2] score": 0.4657968149118867, "[fold3] loss": 0.06955337524414062, "[fold3] lr": 1.2399044911638993e-06, "[fold3] epoch": 5, "[fold3] avg_train_loss": 0.09614053553403795, "[fold3] avg_val_loss": 0.10854010251553162, "[fold3] score": 0.4669569559906784, "[fold4] loss": 0.09930267184972763, "[fold4] lr": 1.2399044911638993e-06, "[fold4] epoch": 5, "[fold4] avg_train_loss": 0.09890065169738382, "[fold4] avg_val_loss": 0.10476928011840567, "[fold4] score": 0.458934349850934, "_wandb": {"runtime": 6072}}