{"[fold0] loss": 0.07070939242839813, "[fold0] lr": 2.672854067325434e-06, "_timestamp": 1666697996.8868709, "_runtime": 4086.3895049095154, "_step": 19574, "[fold0] epoch": 5, "[fold0] avg_train_loss": 0.10331075284106042, "[fold0] avg_val_loss": 0.11019159620985046, "[fold0] score": 0.46991408433387405, "[fold1] loss": 0.13571612536907196, "[fold1] lr": 2.672854067325434e-06, "[fold1] epoch": 5, "[fold1] avg_train_loss": 0.1031682363537419, "[fold1] avg_val_loss": 0.13657130314320287, "[fold1] score": 0.5234589980273013, "[fold2] loss": 0.08824706077575684, "[fold2] lr": 2.672854067325434e-06, "[fold2] epoch": 5, "[fold2] avg_train_loss": 0.09968252027469218, "[fold2] avg_val_loss": 0.11741306215448452, "[fold2] score": 0.48558723523828257, "[fold3] loss": 0.07588458061218262, "[fold3] lr": 2.672854067325434e-06, "[fold3] epoch": 5, "[fold3] avg_train_loss": 0.10250840929177259, "[fold3] avg_val_loss": 0.11874185239567477, "[fold3] score": 0.4873039953858986, "[fold4] loss": 0.1195315569639206, "[fold4] lr": 2.672854067325434e-06, "[fold4] epoch": 5, "[fold4] avg_train_loss": 0.10173191027977811, "[fold4] avg_val_loss": 0.11004543096741752, "[fold4] score": 0.47003138357235774, "_wandb": {"runtime": 4086}}