{"[fold0] loss": 0.06235949322581291, "[fold0] lr": 8.883191471214407e-07, "_timestamp": 1666452250.0392148, "_runtime": 13617.9419028759, "_step": 19574, "[fold0] epoch": 5, "[fold0] avg_train_loss": 0.0961275449275132, "[fold0] avg_val_loss": 0.10656941924101251, "[fold0] score": 0.4622544001257394, "[fold1] loss": 0.34913063049316406, "[fold1] lr": 8.883191471214407e-07, "[fold1] epoch": 5, "[fold1] avg_train_loss": 0.09597404804223639, "[fold1] avg_val_loss": 0.10641255083173932, "[fold1] score": 0.4625729296422097, "[fold2] loss": 0.14241981506347656, "[fold2] lr": 8.883191471214407e-07, "[fold2] epoch": 5, "[fold2] avg_train_loss": 0.09947887977437518, "[fold2] avg_val_loss": 0.13745103212421203, "[fold2] score": 0.5273412189477864, "[fold3] loss": 0.05846536159515381, "[fold3] lr": 8.883191471214407e-07, "[fold3] epoch": 5, "[fold3] avg_train_loss": 0.0980797814815055, "[fold3] avg_val_loss": 0.11122944406078905, "[fold3] score": 0.4725474706431821, "[fold4] loss": 0.08778095245361328, "[fold4] lr": 8.883191471214407e-07, "[fold4] epoch": 5, "[fold4] avg_train_loss": 0.0957634649179933, "[fold4] avg_val_loss": 0.10813135613718301, "[fold4] score": 0.466755591602787, "_wandb": {"runtime": 13619}}