{"[fold0] loss": 0.08317550271749496, "[fold0] lr": 3.0029529544908127e-05, "_timestamp": 1667789490.1425374, "_runtime": 12734.653904438019, "_step": 22044, "[fold0] epoch": 5, "[fold0] avg_train_loss": 0.09208678762343797, "[fold0] avg_val_loss": 0.10592871317473214, "[fold0] score": 0.4605693490981357, "[fold1] loss": 0.10526128858327866, "[fold1] lr": 3.0029529544908127e-05, "[fold1] epoch": 5, "[fold1] avg_train_loss": 0.08871153066442772, "[fold1] avg_val_loss": 0.11153214775464114, "[fold1] score": 0.47314217867783537, "[fold2] loss": 0.08043460547924042, "[fold2] lr": 3.0029529544908127e-05, "[fold2] epoch": 5, "[fold2] avg_train_loss": 0.09038867301053621, "[fold2] avg_val_loss": 0.12615106182406322, "[fold2] score": 0.5032647499218514, "[fold3] loss": 0.08116666972637177, "[fold3] lr": 3.0029529544908127e-05, "[fold3] epoch": 5, "[fold3] avg_train_loss": 0.094707425522872, "[fold3] avg_val_loss": 0.1141340904071203, "[fold3] score": 0.47857114115601346, "[fold4] loss": 0.11216746270656586, "[fold4] lr": 3.0029529544908127e-05, "[fold4] epoch": 5, "[fold4] avg_train_loss": 0.09015351075848395, "[fold4] avg_val_loss": 0.12067699386640583, "[fold4] score": 0.49320233814037256, "[fold5] loss": 0.07915525138378143, "[fold5] lr": 3.0029529544908127e-05, "[fold5] epoch": 5, "[fold5] avg_train_loss": 0.0917557837356898, "[fold5] avg_val_loss": 0.1118943445441668, "[fold5] score": 0.47368719255270547, "[fold6] loss": 0.09081380069255829, "[fold6] lr": 3.0029529544908127e-05, "[fold6] epoch": 5, "[fold6] avg_train_loss": 0.08535866664976559, "[fold6] avg_val_loss": 0.11727960788837784, "[fold6] score": 0.4854874038019672, "[fold7] loss": 0.11387734115123749, "[fold7] lr": 3.0029529544908127e-05, "[fold7] epoch": 5, "[fold7] avg_train_loss": 0.08786418255079877, "[fold7] avg_val_loss": 0.14252012941386083, "[fold7] score": 0.5349022967738516, "[fold8] loss": 0.055181484669446945, "[fold8] lr": 3.0029529544908127e-05, "[fold8] epoch": 5, "[fold8] avg_train_loss": 0.09529841126535427, "[fold8] avg_val_loss": 0.10779938991646022, "[fold8] score": 0.46539099940641604, "[fold9] loss": 0.052377939224243164, "[fold9] lr": 2.9589939527371196e-05, "[fold9] epoch": 5, "[fold9] avg_train_loss": 0.08484246551243754, "[fold9] avg_val_loss": 0.12037928402423859, "[fold9] score": 0.4902619619911486, "_wandb": {"runtime": 12735}}