{"[fold0] loss": 2.5938644409179688, "[fold0] lr": 4.774265706529081e-07, "_timestamp": 1666938451.8959317, "_runtime": 753.9452366828918, "_step": 556, "[fold0] epoch": 2, "[fold0] avg_train_loss": 2.6040936971322086, "[fold0] avg_val_loss": 2.5393816625980463, "[fold0] score": 3.1084385692576784, "_wandb": {"runtime": 755}}