{"[fold0] loss": 0.05362677574157715, "[fold0] lr": 1.2399044911638993e-06, "_timestamp": 1667409797.749919, "_runtime": 6079.726531028748, "_step": 9799, "[fold0] epoch": 5, "[fold0] avg_train_loss": 0.0932644779229408, "[fold0] avg_val_loss": 0.10443581356797986, "[fold0] score": 0.45740639151562573, "[fold1] loss": 0.08279149234294891, "[fold1] lr": 1.2399044911638993e-06, "[fold1] epoch": 5, "[fold1] avg_train_loss": 0.09281620014544643, "[fold1] avg_val_loss": 0.10881846094572986, "[fold1] score": 0.46772524919853115, "[fold2] loss": 0.08874237537384033, "[fold2] lr": 1.2399044911638993e-06, "[fold2] epoch": 5, "[fold2] avg_train_loss": 0.087578336629645, "[fold2] avg_val_loss": 0.10787079073583988, "[fold2] score": 0.46579628013186847, "[fold3] loss": 0.07659435272216797, "[fold3] lr": 1.2399044911638993e-06, "[fold3] epoch": 5, "[fold3] avg_train_loss": 0.09374215772084872, "[fold3] avg_val_loss": 0.10615588425446654, "[fold3] score": 0.46160575687745714, "[fold4] loss": 0.0912831649184227, "[fold4] lr": 1.2399044911638993e-06, "[fold4] epoch": 5, "[fold4] avg_train_loss": 0.09292333615977136, "[fold4] avg_val_loss": 0.10566817185915339, "[fold4] score": 0.46067752564526954, "_wandb": {"runtime": 6080}}