{"[fold0] loss": 0.06424455344676971, "[fold0] lr": 1.7243540244854177e-07, "_timestamp": 1667236590.062835, "_runtime": 14694.776409864426, "_step": 9799, "[fold0] epoch": 5, "[fold0] avg_train_loss": 0.08940832799924608, "[fold0] avg_val_loss": 0.10377267437517795, "[fold0] score": 0.4562499167892977, "[fold1] loss": 0.19042766094207764, "[fold1] lr": 1.7243540244854177e-07, "[fold1] epoch": 5, "[fold1] avg_train_loss": 0.09566237792715697, "[fold1] avg_val_loss": 0.10360584761067217, "[fold1] score": 0.4562237355516277, "[fold2] loss": 0.09126429259777069, "[fold2] lr": 1.7243540244854177e-07, "[fold2] epoch": 5, "[fold2] avg_train_loss": 0.09944199613483666, "[fold2] avg_val_loss": 0.10687840806172631, "[fold2] score": 0.46344900950995194, "[fold3] loss": 0.07191257923841476, "[fold3] lr": 1.7243540244854177e-07, "[fold3] epoch": 5, "[fold3] avg_train_loss": 0.0904847290605078, "[fold3] avg_val_loss": 0.10730203927096808, "[fold3] score": 0.46397357389421684, "[fold4] loss": 0.07903321832418442, "[fold4] lr": 1.7243540244854177e-07, "[fold4] epoch": 5, "[fold4] avg_train_loss": 0.09102837416483923, "[fold4] avg_val_loss": 0.10462590406084304, "[fold4] score": 0.45870397067080054, "_wandb": {"runtime": 14700}}