{"[fold0] loss": 0.14917230606079102, "[fold0] lr": 1.7755102048198656e-05, "_timestamp": 1666370886.9692037, "_runtime": 14200.49098777771, "_step": 19574, "[fold0] epoch": 5, "[fold0] avg_train_loss": 0.10384561313444848, "[fold0] avg_val_loss": 0.13264187217673376, "[fold0] score": 0.5147080900781269, "[fold1] loss": 0.06954415887594223, "[fold1] lr": 1.7755102048198656e-05, "[fold1] epoch": 5, "[fold1] avg_train_loss": 0.10572886235459382, "[fold1] avg_val_loss": 0.13499496066478933, "[fold1] score": 0.5204387558217232, "[fold2] loss": 0.1327061653137207, "[fold2] lr": 1.7755102048198656e-05, "[fold2] epoch": 5, "[fold2] avg_train_loss": 0.11693180349829328, "[fold2] avg_val_loss": 0.1435163408860831, "[fold2] score": 0.5400483306216675, "[fold3] loss": 0.08853983879089355, "[fold3] lr": 1.7755102048198656e-05, "[fold3] epoch": 5, "[fold3] avg_train_loss": 0.11192088380046285, "[fold3] avg_val_loss": 0.11717262667844362, "[fold3] score": 0.48575960584236255, "[fold4] loss": 0.12212538719177246, "[fold4] lr": 1.7755102048198656e-05, "[fold4] epoch": 5, "[fold4] avg_train_loss": 0.10554445769085223, "[fold4] avg_val_loss": 0.1055218090143655, "[fold4] score": 0.4604728203115147, "_wandb": {"runtime": 14200}}