{"[fold0] loss": 0.11422187089920044, "[fold0] lr": 1.7856630096270048e-06, "_timestamp": 1666425528.2368746, "_runtime": 13698.500881671906, "_step": 19574, "[fold0] epoch": 5, "[fold0] avg_train_loss": 0.15437764722063108, "[fold0] avg_val_loss": 0.10743296735198296, "[fold0] score": 0.4645458279407355, "[fold1] loss": 0.16833680868148804, "[fold1] lr": 1.7856630096270048e-06, "[fold1] epoch": 5, "[fold1] avg_train_loss": 0.15727322699163881, "[fold1] avg_val_loss": 0.11301635059208097, "[fold1] score": 0.4769849613778658, "[fold2] loss": 0.13465332984924316, "[fold2] lr": 1.7856630096270048e-06, "[fold2] epoch": 5, "[fold2] avg_train_loss": 0.15480827705939407, "[fold2] avg_val_loss": 0.12425827718985355, "[fold2] score": 0.500972317145374, "[fold3] loss": 0.1144869327545166, "[fold3] lr": 1.7856630096270048e-06, "[fold3] epoch": 5, "[fold3] avg_train_loss": 0.14592418224191117, "[fold3] avg_val_loss": 0.12368698625842019, "[fold3] score": 0.4972575901104123, "[fold4] loss": 0.11678966134786606, "[fold4] lr": 1.7856630096270048e-06, "[fold4] epoch": 5, "[fold4] avg_train_loss": 0.14126143910352837, "[fold4] avg_val_loss": 0.11100163034465917, "[fold4] score": 0.47269613260220716, "_wandb": {"runtime": 13700}}