{"[fold0] loss": 0.1316412389278412, "[fold0] lr": 1.78566300962681e-06, "_timestamp": 1667824742.8811126, "_runtime": 764.9322366714478, "_step": 109, "_wandb": {"runtime": 774}}