{"[fold0] loss": 0.12227948755025864, "[fold0] lr": 5.801487921078807e-07, "_timestamp": 1666843158.5432599, "_runtime": 7108.447617769241, "_step": 4899, "[fold0] epoch": 5, "[fold0] avg_train_loss": 0.11767281672129264, "[fold0] avg_val_loss": 0.11387945414351686, "[fold0] score": 0.4784857088366304, "[fold1] loss": 0.09398850053548813, "[fold1] lr": 5.801487921078807e-07, "[fold1] epoch": 5, "[fold1] avg_train_loss": 0.11275172940431497, "[fold1] avg_val_loss": 0.11588122626221804, "[fold1] score": 0.48296963085552386, "[fold2] loss": 0.09998428821563721, "[fold2] lr": 5.801487921078807e-07, "[fold2] epoch": 5, "[fold2] avg_train_loss": 0.11445300651666446, "[fold2] avg_val_loss": 0.11870223279956661, "[fold2] score": 0.48892442931318664, "[fold3] loss": 0.13216012716293335, "[fold3] lr": 5.801487921078807e-07, "[fold3] epoch": 5, "[fold3] avg_train_loss": 0.11527544443423932, "[fold3] avg_val_loss": 0.11427661696510852, "[fold3] score": 0.4794151776731619, "[fold4] loss": 0.09796933829784393, "[fold4] lr": 5.801487921078807e-07, "[fold4] epoch": 5, "[fold4] avg_train_loss": 0.11376040232105133, "[fold4] avg_val_loss": 0.11528947623565679, "[fold4] score": 0.48154570120696577, "_wandb": {"runtime": 7103}}