{"[fold0] loss": 0.10128487646579742, "[fold0] lr": 1.2399044911638993e-06, "_timestamp": 1668066512.4203913, "_runtime": 6201.385858297348, "_step": 9799, "[fold0] epoch": 5, "[fold0] avg_train_loss": 0.10266367635687294, "[fold0] avg_val_loss": 0.10150868474217632, "[fold0] score": 0.450984973202241, "[fold1] loss": 0.08154233545064926, "[fold1] lr": 1.2399044911638993e-06, "[fold1] epoch": 5, "[fold1] avg_train_loss": 0.09765871698060609, "[fold1] avg_val_loss": 0.10520663390252477, "[fold1] score": 0.4596075935101049, "[fold2] loss": 0.0743330866098404, "[fold2] lr": 1.2399044911638993e-06, "[fold2] epoch": 5, "[fold2] avg_train_loss": 0.09886209278003029, "[fold2] avg_val_loss": 0.10732034469961815, "[fold2] score": 0.46410230380988465, "[fold3] loss": 0.06434457004070282, "[fold3] lr": 1.2399044911638993e-06, "[fold3] epoch": 5, "[fold3] avg_train_loss": 0.0989669479829881, "[fold3] avg_val_loss": 0.10624601274652554, "[fold3] score": 0.4617839593261595, "[fold4] loss": 0.09820869565010071, "[fold4] lr": 1.2399044911638993e-06, "[fold4] epoch": 5, "[fold4] avg_train_loss": 0.10111725417053913, "[fold4] avg_val_loss": 0.10417019707315109, "[fold4] score": 0.4576621213959795, "_wandb": {"runtime": 6202}}