{"[fold0] loss": 0.053587913513183594, "[fold0] lr": 1.2399044911638993e-06, "_timestamp": 1667377927.175681, "_runtime": 6109.446810007095, "_step": 9799, "[fold0] epoch": 5, "[fold0] avg_train_loss": 0.0932487992622206, "[fold0] avg_val_loss": 0.10447493670008066, "[fold0] score": 0.4574964721178734, "[fold1] loss": 0.0827922448515892, "[fold1] lr": 1.2399044911638993e-06, "[fold1] epoch": 5, "[fold1] avg_train_loss": 0.09280963482149422, "[fold1] avg_val_loss": 0.10882194019559091, "[fold1] score": 0.4677336474537717, "[fold2] loss": 0.08874829858541489, "[fold2] lr": 1.2399044911638993e-06, "[fold2] epoch": 5, "[fold2] avg_train_loss": 0.08757819743145762, "[fold2] avg_val_loss": 0.10784848095358485, "[fold2] score": 0.4657424938417152, "[fold3] loss": 0.07670800387859344, "[fold3] lr": 1.2399044911638993e-06, "[fold3] epoch": 5, "[fold3] avg_train_loss": 0.09373967613443694, "[fold3] avg_val_loss": 0.10616321676908552, "[fold3] score": 0.4616220031246296, "[fold4] loss": 0.09129814803600311, "[fold4] lr": 1.2399044911638993e-06, "[fold4] epoch": 5, "[fold4] avg_train_loss": 0.0929229653647641, "[fold4] avg_val_loss": 0.1056639638055316, "[fold4] score": 0.4606685564162862, "_wandb": {"runtime": 6110}}