{"[fold0] loss": 0.058526597917079926, "[fold0] lr": 2.672854067325425e-05, "_timestamp": 1666672974.057365, "_runtime": 3849.4576530456543, "_step": 19574, "[fold0] epoch": 5, "[fold0] avg_train_loss": 0.08255576052943535, "[fold0] avg_val_loss": 0.10520620575493864, "[fold0] score": 0.45900841462864034, "[fold1] loss": 0.10815803706645966, "[fold1] lr": 2.672854067325425e-05, "[fold1] epoch": 5, "[fold1] avg_train_loss": 0.08087093827536192, "[fold1] avg_val_loss": 0.12917749062275674, "[fold1] score": 0.5069963700881929, "[fold2] loss": 0.06873353570699692, "[fold2] lr": 2.672854067325425e-05, "[fold2] epoch": 5, "[fold2] avg_train_loss": 0.0815470760302318, "[fold2] avg_val_loss": 0.11565434042831212, "[fold2] score": 0.48246808789926005, "[fold3] loss": 0.07773654162883759, "[fold3] lr": 2.672854067325425e-05, "[fold3] epoch": 5, "[fold3] avg_train_loss": 0.08806869903069628, "[fold3] avg_val_loss": 0.12161175026308241, "[fold3] score": 0.49384527194336764, "[fold4] loss": 0.09401743113994598, "[fold4] lr": 2.672854067325425e-05, "[fold4] epoch": 5, "[fold4] avg_train_loss": 0.07915736112476843, "[fold4] avg_val_loss": 0.10655345150348171, "[fold4] score": 0.46288907161283416, "_wandb": {"runtime": 3850}}