{"[fold0] loss": 0.12225129455327988, "[fold0] lr": 5.801487921078807e-07, "_timestamp": 1666835933.1194081, "_runtime": 7088.17221903801, "_step": 4899, "[fold0] epoch": 5, "[fold0] avg_train_loss": 0.11767284258818016, "[fold0] avg_val_loss": 0.11387962720278279, "[fold0] score": 0.47848620827284366, "[fold1] loss": 0.09399610757827759, "[fold1] lr": 5.801487921078807e-07, "[fold1] epoch": 5, "[fold1] avg_train_loss": 0.11275153385523037, "[fold1] avg_val_loss": 0.11588243393187017, "[fold1] score": 0.482972227669556, "[fold2] loss": 0.09998607635498047, "[fold2] lr": 5.801487921078807e-07, "[fold2] epoch": 5, "[fold2] avg_train_loss": 0.11445445250242184, "[fold2] avg_val_loss": 0.11870177412200766, "[fold2] score": 0.4889233953006058, "[fold3] loss": 0.13217872381210327, "[fold3] lr": 5.801487921078807e-07, "[fold3] epoch": 5, "[fold3] avg_train_loss": 0.11527398729171508, "[fold3] avg_val_loss": 0.11427582863270475, "[fold3] score": 0.4794133549212707, "[fold4] loss": 0.09797851741313934, "[fold4] lr": 5.801487921078807e-07, "[fold4] epoch": 5, "[fold4] avg_train_loss": 0.11376091975432176, "[fold4] avg_val_loss": 0.11529000440750585, "[fold4] score": 0.481547039291179, "_wandb": {"runtime": 7090}}