{"[fold0] loss": 0.10744957625865936, "[fold0] lr": 1e-07, "_timestamp": 1666899440.7231605, "_runtime": 6925.799758434296, "_step": 4756, "[fold0] epoch": 10, "[fold0] avg_train_loss": 0.10731872064180863, "[fold0] avg_val_loss": 0.1096242694065089, "[fold0] score": 0.4688222446001596, "[fold1] loss": 0.08648239076137543, "[fold1] lr": 1e-07, "[fold1] epoch": 10, "[fold1] avg_train_loss": 0.10540962368249893, "[fold1] avg_val_loss": 0.1121654632961613, "[fold1] score": 0.4749230988805992, "[fold2] loss": 0.10393496602773666, "[fold2] lr": 3.1047771817147186e-07, "[fold2] epoch": 4, "[fold2] avg_train_loss": 0.11625742625731689, "[fold2] avg_val_loss": 0.12014404949172379, "[fold2] score": 0.49193982678587594}