{"[fold0] loss": 0.06163923069834709, "[fold0] lr": 2.672854067325425e-05, "_timestamp": 1666507714.914878, "_runtime": 3780.1720418930054, "_step": 19574, "[fold0] epoch": 5, "[fold0] avg_train_loss": 0.07612348559891324, "[fold0] avg_val_loss": 0.12985318800067658, "[fold0] score": 0.5097481355510763, "[fold1] loss": 0.08904290199279785, "[fold1] lr": 2.672854067325425e-05, "[fold1] epoch": 5, "[fold1] avg_train_loss": 0.06958284691843154, "[fold1] avg_val_loss": 0.11630368819828996, "[fold1] score": 0.4843293032605061, "[fold2] loss": 0.0649230107665062, "[fold2] lr": 2.672854067325425e-05, "[fold2] epoch": 5, "[fold2] avg_train_loss": 0.08330968064267921, "[fold2] avg_val_loss": 0.11088695731538031, "[fold2] score": 0.4719772414185994, "[fold3] loss": 0.060507141053676605, "[fold3] lr": 2.672854067325425e-05, "[fold3] epoch": 5, "[fold3] avg_train_loss": 0.07278652888153443, "[fold3] avg_val_loss": 0.11517181330362854, "[fold3] score": 0.4809646053656558, "[fold4] loss": 0.13531002402305603, "[fold4] lr": 2.672854067325425e-05, "[fold4] epoch": 5, "[fold4] avg_train_loss": 0.08290120322838464, "[fold4] avg_val_loss": 0.10797225076066869, "[fold4] score": 0.46628130786448724, "_wandb": {"runtime": 3780}}