{"[fold0] loss": 0.09650838375091553, "[fold0] lr": 1.2399044911638993e-06, "_timestamp": 1667655271.9374444, "_runtime": 6176.765671491623, "_step": 9799, "[fold0] epoch": 5, "[fold0] avg_train_loss": 0.09917506913814093, "[fold0] avg_val_loss": 0.10456803610638889, "[fold0] score": 0.45778714778536594, "[fold1] loss": 0.10026156902313232, "[fold1] lr": 1.2399044911638993e-06, "[fold1] epoch": 5, "[fold1] avg_train_loss": 0.10022649992152553, "[fold1] avg_val_loss": 0.10719894471258344, "[fold1] score": 0.4639390503643352, "[fold2] loss": 0.13062815368175507, "[fold2] lr": 1.2399044911638993e-06, "[fold2] epoch": 5, "[fold2] avg_train_loss": 0.09925455642897454, "[fold2] avg_val_loss": 0.10935924099305706, "[fold2] score": 0.4690800783117895, "[fold3] loss": 0.06757256388664246, "[fold3] lr": 1.2399044911638993e-06, "[fold3] epoch": 5, "[fold3] avg_train_loss": 0.09992240718982713, "[fold3] avg_val_loss": 0.10436765901039323, "[fold3] score": 0.4574313426053145, "[fold4] loss": 0.11484789848327637, "[fold4] lr": 1.2399044911638993e-06, "[fold4] epoch": 5, "[fold4] avg_train_loss": 0.10067652965255101, "[fold4] avg_val_loss": 0.10469064343234767, "[fold4] score": 0.45859474831135444, "_wandb": {"runtime": 6179}}