{"[fold0] loss": 0.09774832427501678, "[fold0] lr": 1.1136474500055317e-05, "_timestamp": 1667213963.9948475, "_runtime": 7014.459059476852, "_step": 4899, "[fold0] epoch": 5, "[fold0] avg_train_loss": 0.09935137121341167, "[fold0] avg_val_loss": 0.10596287528724621, "[fold0] score": 0.460618144157648, "[fold1] loss": 0.09857817739248276, "[fold1] lr": 1.1136474500055317e-05, "[fold1] epoch": 5, "[fold1] avg_train_loss": 0.09781416031794671, "[fold1] avg_val_loss": 0.10634059345737423, "[fold1] score": 0.46246489891346115, "[fold2] loss": 0.0806882381439209, "[fold2] lr": 1.1136474500055317e-05, "[fold2] epoch": 5, "[fold2] avg_train_loss": 0.10164134005705515, "[fold2] avg_val_loss": 0.11109092858288903, "[fold2] score": 0.472361938356145, "[fold3] loss": 0.08382832258939743, "[fold3] lr": 1.1136474500055317e-05, "[fold3] epoch": 5, "[fold3] avg_train_loss": 0.0963614746546134, "[fold3] avg_val_loss": 0.10592354687354753, "[fold3] score": 0.46085724826736557, "[fold4] loss": 0.08508223295211792, "[fold4] lr": 1.1136474500055317e-05, "[fold4] epoch": 5, "[fold4] avg_train_loss": 0.10200562652869102, "[fold4] avg_val_loss": 0.10823995993494073, "[fold4] score": 0.4660587008233985, "_wandb": {"runtime": 7016}}