{"[fold0] loss": 2.5230956077575684, "[fold0] lr": 5.58896751360118e-06, "_timestamp": 1668768215.8745165, "_runtime": 335.05409049987793, "_step": 262, "_wandb": {"runtime": 335}}