{"[fold0] loss": 0.05534045025706291, "[fold0] lr": 3.560045125023858e-05, "_timestamp": 1666502289.0238423, "_runtime": 3789.4044983386993, "_step": 19574, "[fold0] epoch": 5, "[fold0] avg_train_loss": 0.07234716667886586, "[fold0] avg_val_loss": 0.12307691711294072, "[fold0] score": 0.4964283341634636, "[fold1] loss": 0.08271130174398422, "[fold1] lr": 3.560045125023858e-05, "[fold1] epoch": 5, "[fold1] avg_train_loss": 0.0668914549486221, "[fold1] avg_val_loss": 0.1147908751934881, "[fold1] score": 0.4813572000786796, "[fold2] loss": 0.05774909257888794, "[fold2] lr": 3.560045125023858e-05, "[fold2] epoch": 5, "[fold2] avg_train_loss": 0.07657914218323691, "[fold2] avg_val_loss": 0.11493015359810856, "[fold2] score": 0.48077085315294443, "[fold3] loss": 0.05629340931773186, "[fold3] lr": 3.560045125023858e-05, "[fold3] epoch": 5, "[fold3] avg_train_loss": 0.06787375216146031, "[fold3] avg_val_loss": 0.11110294179614548, "[fold3] score": 0.472187033530627, "[fold4] loss": 0.1345730721950531, "[fold4] lr": 3.560045125023858e-05, "[fold4] epoch": 5, "[fold4] avg_train_loss": 0.07846033745123755, "[fold4] avg_val_loss": 0.11148100414925524, "[fold4] score": 0.47390713804325185, "_wandb": {"runtime": 3789}}