{"[fold0] loss": 2.6886119842529297, "[fold0] lr": 2.1472286035435504e-05, "_timestamp": 1668767849.7469869, "_runtime": 1761.347405910492, "_step": 1417, "[fold0] epoch": 1, "[fold0] avg_train_loss": 2.628088151707369, "[fold0] avg_val_loss": 2.1515295322593824, "[fold0] score": 2.7353436433458858, "_wandb": {"runtime": 1761}}