{"[fold0] loss": 0.09729208797216415, "[fold0] lr": 5.801487921078807e-07, "_timestamp": 1667069826.6269581, "_runtime": 10869.994103193283, "_step": 4899, "[fold0] epoch": 5, "[fold0] avg_train_loss": 0.11048816599142858, "[fold0] avg_val_loss": 0.10854952323162342, "[fold0] score": 0.46659532371003093, "[fold1] loss": 0.06980179250240326, "[fold1] lr": 5.801487921078807e-07, "[fold1] epoch": 5, "[fold1] avg_train_loss": 0.1080801023886754, "[fold1] avg_val_loss": 0.1113836166293076, "[fold1] score": 0.4729580350783136, "[fold2] loss": 0.0980575904250145, "[fold2] lr": 5.801487921078807e-07, "[fold2] epoch": 5, "[fold2] avg_train_loss": 0.10587469820792858, "[fold2] avg_val_loss": 0.11150347317576104, "[fold2] score": 0.4729416619719915, "[fold3] loss": 0.131727397441864, "[fold3] lr": 5.801487921078807e-07, "[fold3] epoch": 5, "[fold3] avg_train_loss": 0.10869600102305413, "[fold3] avg_val_loss": 0.11020360871806474, "[fold3] score": 0.4700052654933142, "[fold4] loss": 0.0937691181898117, "[fold4] lr": 5.801487921078807e-07, "[fold4] epoch": 5, "[fold4] avg_train_loss": 0.10660190395055673, "[fold4] avg_val_loss": 0.10762222499951073, "[fold4] score": 0.4651514238332146, "_wandb": {"runtime": 10873}}