{"[fold0] loss": 0.16173914074897766, "[fold0] lr": 2.147228603546086e-05, "_timestamp": 1668765462.4077623, "_runtime": 5820.298391342163, "_step": 4620, "[fold0] epoch": 4, "[fold0] avg_train_loss": 0.11999797153931398, "[fold0] avg_val_loss": 0.12402451800568329, "[fold0] score": 0.5006068633916013, "_wandb": {"runtime": 5821}}