{"[fold0] loss": 0.11490046977996826, "[fold0] lr": 2.0018764593754292e-06, "_timestamp": 1667820482.941351, "_runtime": 21395.270686864853, "_step": 15661, "[fold0] epoch": 5, "[fold0] avg_train_loss": 0.09531263272193345, "[fold0] avg_val_loss": 0.10798877828261431, "[fold0] score": 0.4652173249665636, "[fold1] loss": 0.15461871027946472, "[fold1] lr": 2.0018764593754292e-06, "[fold1] epoch": 5, "[fold1] avg_train_loss": 0.09385304176671938, "[fold1] avg_val_loss": 0.10893338141234024, "[fold1] score": 0.46871294955423065, "[fold2] loss": 0.045385800302028656, "[fold2] lr": 2.0018764593754292e-06, "[fold2] epoch": 5, "[fold2] avg_train_loss": 0.09367792972109534, "[fold2] avg_val_loss": 0.10971284427148911, "[fold2] score": 0.46931777371419003, "[fold3] loss": 0.09465372562408447, "[fold3] lr": 2.0018764593754292e-06, "[fold3] epoch": 5, "[fold3] avg_train_loss": 0.09458390488712624, "[fold3] avg_val_loss": 0.11186063918463714, "[fold3] score": 0.47316270007456557, "[fold4] loss": 0.1127839982509613, "[fold4] lr": 2.0018764593754292e-06, "[fold4] epoch": 5, "[fold4] avg_train_loss": 0.09623920238492163, "[fold4] avg_val_loss": 0.11116799959898604, "[fold4] score": 0.47285868130105335, "[fold5] loss": 0.14983119070529938, "[fold5] lr": 2.0018764593754292e-06, "[fold5] epoch": 5, "[fold5] avg_train_loss": 0.0945082814856009, "[fold5] avg_val_loss": 0.10429211521087706, "[fold5] score": 0.45727033069277895, "[fold6] loss": 0.07866009324789047, "[fold6] lr": 2.0018764593754292e-06, "[fold6] epoch": 5, "[fold6] avg_train_loss": 0.09760878318920732, "[fold6] avg_val_loss": 0.1200924562028302, "[fold6] score": 0.4914301306199204, "[fold7] loss": 0.11694662272930145, "[fold7] lr": 8.754828241032252e-07}