{"[fold0] loss": 0.10121053457260132, "[fold0] lr": 5.381636713186716e-06, "_timestamp": 1667050634.6900196, "_runtime": 10889.584174633026, "_step": 4899, "[fold0] epoch": 5, "[fold0] avg_train_loss": 0.09144692548956626, "[fold0] avg_val_loss": 0.10502583832692003, "[fold0] score": 0.4586569212929635, "[fold1] loss": 0.05973110720515251, "[fold1] lr": 5.381636713186716e-06, "[fold1] epoch": 5, "[fold1] avg_train_loss": 0.0843524228876982, "[fold1] avg_val_loss": 0.10644133980855783, "[fold1] score": 0.4625129684108163, "[fold2] loss": 0.0738036036491394, "[fold2] lr": 5.381636713186716e-06, "[fold2] epoch": 5, "[fold2] avg_train_loss": 0.08493565183419448, "[fold2] avg_val_loss": 0.10694204335627348, "[fold2] score": 0.46337456688982154, "[fold3] loss": 0.10809671878814697, "[fold3] lr": 5.381636713186716e-06, "[fold3] epoch": 5, "[fold3] avg_train_loss": 0.09011560009840207, "[fold3] avg_val_loss": 0.1064198470252859, "[fold3] score": 0.46196399061332644, "[fold4] loss": 0.07832424342632294, "[fold4] lr": 5.381636713186716e-06, "[fold4] epoch": 5, "[fold4] avg_train_loss": 0.08790796823226489, "[fold4] avg_val_loss": 0.10470427605121033, "[fold4] score": 0.4586941133309262, "_wandb": {"runtime": 10890}}