{"[fold0] loss": 0.11129122227430344, "[fold0] lr": 1.2399044911638993e-06, "_timestamp": 1668607402.4526153, "_runtime": 6045.200481176376, "_step": 9799, "[fold0] epoch": 5, "[fold0] avg_train_loss": 0.10228592554664673, "[fold0] avg_val_loss": 0.10328190594606693, "[fold0] score": 0.45486207993380373, "[fold1] loss": 0.07518744468688965, "[fold1] lr": 1.2399044911638993e-06, "[fold1] epoch": 5, "[fold1] avg_train_loss": 0.09532060300755074, "[fold1] avg_val_loss": 0.10664527304708425, "[fold1] score": 0.4628490307227604, "[fold2] loss": 0.07599377632141113, "[fold2] lr": 1.2399044911638993e-06, "[fold2] epoch": 5, "[fold2] avg_train_loss": 0.09785415473229744, "[fold2] avg_val_loss": 0.10778760530835832, "[fold2] score": 0.46514035174263796, "[fold3] loss": 0.06671925634145737, "[fold3] lr": 1.2399044911638993e-06, "[fold3] epoch": 5, "[fold3] avg_train_loss": 0.09679440415614401, "[fold3] avg_val_loss": 0.10811635028675694, "[fold3] score": 0.4660076756331935, "[fold4] loss": 0.11022400856018066, "[fold4] lr": 1.2399044911638993e-06, "[fold4] epoch": 5, "[fold4] avg_train_loss": 0.0986406401257076, "[fold4] avg_val_loss": 0.10382805692265405, "[fold4] score": 0.45672552722724813, "_wandb": {"runtime": 6046}}