{"[fold0] loss": 0.09271439164876938, "[fold0] lr": 1.2399044911638993e-06, "_timestamp": 1668661133.4862754, "_runtime": 6072.330750465393, "_step": 9799, "[fold0] epoch": 5, "[fold0] avg_train_loss": 0.09780687257609404, "[fold0] avg_val_loss": 0.10342674822453647, "[fold0] score": 0.4551883594860376, "[fold1] loss": 0.07701349258422852, "[fold1] lr": 1.2399044911638993e-06, "[fold1] epoch": 5, "[fold1] avg_train_loss": 0.0986366710623207, "[fold1] avg_val_loss": 0.1042378867475618, "[fold1] score": 0.45752841355533946, "[fold2] loss": 0.1637660264968872, "[fold2] lr": 1.2399044911638993e-06, "[fold2] epoch": 5, "[fold2] avg_train_loss": 0.10004203023431855, "[fold2] avg_val_loss": 0.11063833570922427, "[fold2] score": 0.4722532656591347, "[fold3] loss": 0.1293073147535324, "[fold3] lr": 1.2399044911638993e-06, "[fold3] epoch": 5, "[fold3] avg_train_loss": 0.09653037280568381, "[fold3] avg_val_loss": 0.10604046866335833, "[fold3] score": 0.4614179068759461, "[fold4] loss": 0.10012905299663544, "[fold4] lr": 1.2399044911638993e-06, "[fold4] epoch": 5, "[fold4] avg_train_loss": 0.09753555342402605, "[fold4] avg_val_loss": 0.10408513739590755, "[fold4] score": 0.4571010287028092, "_wandb": {"runtime": 6073}}