{"[fold0] loss": 0.012124639004468918, "[fold0] lr": 3.0029529544901405e-05, "_timestamp": 1668838483.6521266, "_runtime": 2908.229651451111, "_step": 2301, "[fold0] epoch": 2, "[fold0] avg_train_loss": 0.023281115041082108, "[fold0] avg_val_loss": 0.10160517723054227, "[fold0] score": 0.45099003594421433, "_wandb": {"runtime": 2909}}