{"[fold0] loss": 0.10723285377025604, "[fold0] lr": 4.867775512438296e-06, "_timestamp": 1667363909.0526268, "_runtime": 364.0977177619934, "_step": 135, "_wandb": {"runtime": 367}}