{"[fold0] loss": 0.11085641384124756, "[fold0] lr": 5.801487921078807e-07, "_timestamp": 1667116293.4753835, "_runtime": 18682.73805642128, "_step": 4899, "[fold0] epoch": 5, "[fold0] avg_train_loss": 0.10779701922184382, "[fold0] avg_val_loss": 0.11338339584029239, "[fold0] score": 0.47673042820327644, "[fold1] loss": 0.09895668923854828, "[fold1] lr": 5.801487921078807e-07, "[fold1] epoch": 5, "[fold1] avg_train_loss": 0.10839668649893541, "[fold1] avg_val_loss": 0.11009726918862697, "[fold1] score": 0.470449688191412, "[fold2] loss": 0.14438113570213318, "[fold2] lr": 5.801487921078807e-07, "[fold2] epoch": 5, "[fold2] avg_train_loss": 0.10957411118806937, "[fold2] avg_val_loss": 0.12084433243936285, "[fold2] score": 0.49351891937264325, "[fold3] loss": 0.0766531303524971, "[fold3] lr": 5.801487921078807e-07, "[fold3] epoch": 5, "[fold3] avg_train_loss": 0.10826712722579639, "[fold3] avg_val_loss": 0.10923169698099346, "[fold3] score": 0.46829566548770724, "[fold4] loss": 0.08782249689102173, "[fold4] lr": 5.801487921078807e-07, "[fold4] epoch": 5, "[fold4] avg_train_loss": 0.10818926201034815, "[fold4] avg_val_loss": 0.10856758530639932, "[fold4] score": 0.4667571422276753, "_wandb": {"runtime": 18685}}