{"[fold0] loss": 2.7410988807678223, "[fold0] lr": 9.669235806863544e-05, "_timestamp": 1666943851.5650375, "_runtime": 3611.1643385887146, "_step": 2605, "[fold0] epoch": 13, "[fold0] avg_train_loss": 2.603797473662939, "[fold0] avg_val_loss": 2.5393816625980463, "[fold0] score": 3.1084385692576784, "_wandb": {"runtime": 3612}}