{"[fold0] loss": 0.20268774032592773, "[fold0] lr": 2.6627012625182944e-05, "_timestamp": 1666438016.6556027, "_runtime": 5804.035700798035, "_step": 8276, "[fold0] epoch": 5, "[fold0] avg_train_loss": 0.23673765245072373, "[fold0] avg_val_loss": 0.20267332293798246, "[fold0] score": 0.6479174974155238, "[fold1] loss": 0.2026943415403366, "[fold1] lr": 2.6627012625182944e-05, "[fold1] epoch": 5, "[fold1] avg_train_loss": 0.2378809047610406, "[fold1] avg_val_loss": 0.20296499464246961, "[fold1] score": 0.6478273439822846, "[fold2] loss": 0.30568045377731323, "[fold2] lr": 2.492968546610469e-07, "_wandb": {"runtime": 5803}}