{"[fold0] loss": 0.07067179679870605, "[fold0] lr": 2.672854067325434e-06, "_timestamp": 1666677205.9154694, "_runtime": 3827.4581134319305, "_step": 19574, "[fold0] epoch": 5, "[fold0] avg_train_loss": 0.10331049252091848, "[fold0] avg_val_loss": 0.11021004695340496, "[fold0] score": 0.4699528197828527, "[fold1] loss": 0.13578662276268005, "[fold1] lr": 2.672854067325434e-06, "[fold1] epoch": 5, "[fold1] avg_train_loss": 0.10316901676633093, "[fold1] avg_val_loss": 0.13661710299446816, "[fold1] score": 0.5235551914254964, "[fold2] loss": 0.08816258609294891, "[fold2] lr": 2.672854067325434e-06, "[fold2] epoch": 5, "[fold2] avg_train_loss": 0.0996827214260769, "[fold2] avg_val_loss": 0.11740755613731302, "[fold2] score": 0.4855753995924714, "[fold3] loss": 0.07579255104064941, "[fold3] lr": 2.672854067325434e-06, "[fold3] epoch": 5, "[fold3] avg_train_loss": 0.1025048575037733, "[fold3] avg_val_loss": 0.11875555266047377, "[fold3] score": 0.487334472356227, "[fold4] loss": 0.11961667239665985, "[fold4] lr": 2.672854067325434e-06, "[fold4] epoch": 5, "[fold4] avg_train_loss": 0.10173463071351085, "[fold4] avg_val_loss": 0.1100562261727155, "[fold4] score": 0.4700556174823411, "_wandb": {"runtime": 3827}}