{"[fold0] loss": 0.09920307993888855, "[fold0] lr": 1.2399044911638993e-06, "_timestamp": 1668051966.1762223, "_runtime": 6103.910409212112, "_step": 9799, "[fold0] epoch": 5, "[fold0] avg_train_loss": 0.09772317116255955, "[fold0] avg_val_loss": 0.10235008789831415, "[fold0] score": 0.45291104707389823, "[fold1] loss": 0.06490914523601532, "[fold1] lr": 1.2399044911638993e-06, "[fold1] epoch": 5, "[fold1] avg_train_loss": 0.0870639427238718, "[fold1] avg_val_loss": 0.10959062400829442, "[fold1] score": 0.4696783748562782, "[fold2] loss": 0.06435513496398926, "[fold2] lr": 1.2399044911638993e-06, "[fold2] epoch": 5, "[fold2] avg_train_loss": 0.09279087975697445, "[fold2] avg_val_loss": 0.10775596130153407, "[fold2] score": 0.4651807664007442, "[fold3] loss": 0.06285508722066879, "[fold3] lr": 1.2399044911638993e-06, "[fold3] epoch": 5, "[fold3] avg_train_loss": 0.08992088268823026, "[fold3] avg_val_loss": 0.10838922498095066, "[fold3] score": 0.46661123011253486, "[fold4] loss": 0.09486697614192963, "[fold4] lr": 1.2399044911638993e-06, "[fold4] epoch": 5, "[fold4] avg_train_loss": 0.09367740872647147, "[fold4] avg_val_loss": 0.10600611578930369, "[fold4] score": 0.46141078382172035, "_wandb": {"runtime": 6104}}