{"[fold0] loss": 0.1248178705573082, "[fold0] lr": 5.801487921078807e-07, "_timestamp": 1667137387.563052, "_runtime": 18683.606209993362, "_step": 4899, "[fold0] epoch": 5, "[fold0] avg_train_loss": 0.10895594217074223, "[fold0] avg_val_loss": 0.109490570795658, "[fold0] score": 0.4686259671864348, "[fold1] loss": 0.13499395549297333, "[fold1] lr": 5.801487921078807e-07, "[fold1] epoch": 5, "[fold1] avg_train_loss": 0.10729146232971778, "[fold1] avg_val_loss": 0.1079346821054645, "[fold1] score": 0.4656993612962957, "[fold2] loss": 0.12375742197036743, "[fold2] lr": 5.801487921078807e-07, "[fold2] epoch": 5, "[fold2] avg_train_loss": 0.10816173866773263, "[fold2] avg_val_loss": 0.11483419374050692, "[fold2] score": 0.4806829755950832, "[fold3] loss": 0.12202449887990952, "[fold3] lr": 5.801487921078807e-07, "[fold3] epoch": 5, "[fold3] avg_train_loss": 0.10988890958520083, "[fold3] avg_val_loss": 0.11124317142207299, "[fold3] score": 0.4726636642431938, "[fold4] loss": 0.11791859567165375, "[fold4] lr": 5.801487921078807e-07, "[fold4] epoch": 5, "[fold4] avg_train_loss": 0.11097859843419149, "[fold4] avg_val_loss": 0.11391572214072318, "[fold4] score": 0.4793079494703145, "_wandb": {"runtime": 18687}}