{"[fold0] loss": 0.05360853672027588, "[fold0] lr": 1.2399044911638993e-06, "_timestamp": 1667370122.354152, "_runtime": 6190.256623983383, "_step": 9799, "[fold0] epoch": 5, "[fold0] avg_train_loss": 0.0932609734346952, "[fold0] avg_val_loss": 0.10444473294193482, "[fold0] score": 0.4574273989638207, "[fold1] loss": 0.082822285592556, "[fold1] lr": 1.2399044911638993e-06, "[fold1] epoch": 5, "[fold1] avg_train_loss": 0.09281549137800246, "[fold1] avg_val_loss": 0.10881216589975175, "[fold1] score": 0.4677112945972046, "[fold2] loss": 0.0886615514755249, "[fold2] lr": 1.2399044911638993e-06, "[fold2] epoch": 5, "[fold2] avg_train_loss": 0.08758431661616811, "[fold2] avg_val_loss": 0.10786514108062095, "[fold2] score": 0.4657832013379459, "[fold3] loss": 0.07667478173971176, "[fold3] lr": 1.2399044911638993e-06, "[fold3] epoch": 5, "[fold3] avg_train_loss": 0.09373841902522174, "[fold3] avg_val_loss": 0.10616358769747912, "[fold3] score": 0.4616227219153482, "[fold4] loss": 0.09128531068563461, "[fold4] lr": 1.2399044911638993e-06, "[fold4] epoch": 5, "[fold4] avg_train_loss": 0.09292321586433579, "[fold4] avg_val_loss": 0.10566826218076984, "[fold4] score": 0.46067801743133135, "_wandb": {"runtime": 6191}}