{"[fold0] loss": 0.11252462863922119, "[fold0] lr": 1.7243540244854177e-07, "_timestamp": 1667327926.0475597, "_runtime": 14740.694650650024, "_step": 9799, "[fold0] epoch": 5, "[fold0] avg_train_loss": 0.09628558268441874, "[fold0] avg_val_loss": 0.1064785205380386, "[fold0] score": 0.4620096961244918, "[fold1] loss": 0.13524863123893738, "[fold1] lr": 1.7243540244854177e-07, "[fold1] epoch": 5, "[fold1] avg_train_loss": 0.09336126401372578, "[fold1] avg_val_loss": 0.10762490471051875, "[fold1] score": 0.4649464433300048, "[fold2] loss": 0.07915642112493515, "[fold2] lr": 1.7243540244854177e-07, "[fold2] epoch": 5, "[fold2] avg_train_loss": 0.0950068944822187, "[fold2] avg_val_loss": 0.10393492692647993, "[fold2] score": 0.45643634885003026, "[fold3] loss": 0.09767942130565643, "[fold3] lr": 1.7243540244854177e-07, "[fold3] epoch": 5, "[fold3] avg_train_loss": 0.0960231162321842, "[fold3] avg_val_loss": 0.10728422325590382, "[fold3] score": 0.4638525604646633, "[fold4] loss": 0.11412060260772705, "[fold4] lr": 1.7243540244854177e-07, "[fold4] epoch": 5, "[fold4] avg_train_loss": 0.09439828334485784, "[fold4] avg_val_loss": 0.10692038436603668, "[fold4] score": 0.46341482203572304, "_wandb": {"runtime": 14742}}