{"[fold0] loss": 0.0938231572508812, "[fold0] lr": 1.2399044911638993e-06, "_timestamp": 1667670106.7248244, "_runtime": 6119.029851436615, "_step": 9799, "[fold0] epoch": 5, "[fold0] avg_train_loss": 0.10072618741018083, "[fold0] avg_val_loss": 0.1053085237017373, "[fold0] score": 0.4590828745780769, "[fold1] loss": 0.11249574273824692, "[fold1] lr": 1.2399044911638993e-06, "[fold1] epoch": 5, "[fold1] avg_train_loss": 0.1002294394995093, "[fold1] avg_val_loss": 0.10934397740001728, "[fold1] score": 0.46883908913129374, "[fold2] loss": 0.0746908187866211, "[fold2] lr": 1.2399044911638993e-06, "[fold2] epoch": 5, "[fold2] avg_train_loss": 0.1007808977190186, "[fold2] avg_val_loss": 0.11074676717181339, "[fold2] score": 0.47207466976077656, "[fold3] loss": 0.12543456256389618, "[fold3] lr": 1.2399044911638993e-06, "[fold3] epoch": 5, "[fold3] avg_train_loss": 0.10299590279531601, "[fold3] avg_val_loss": 0.10655797856009525, "[fold3] score": 0.4626394691564868, "[fold4] loss": 0.08084988594055176, "[fold4] lr": 1.2399044911638993e-06, "[fold4] epoch": 5, "[fold4] avg_train_loss": 0.09970741940047735, "[fold4] avg_val_loss": 0.11019638672356716, "[fold4] score": 0.4704835465622173, "_wandb": {"runtime": 6119}}