{"[fold0] loss": 0.10139529407024384, "[fold0] lr": 1.2399044911638993e-06, "_timestamp": 1668058292.358639, "_runtime": 6099.237525939941, "_step": 9799, "[fold0] epoch": 5, "[fold0] avg_train_loss": 0.10115959921189586, "[fold0] avg_val_loss": 0.10143396849065181, "[fold0] score": 0.4508759348913509, "[fold1] loss": 0.07348470389842987, "[fold1] lr": 1.2399044911638993e-06, "[fold1] epoch": 5, "[fold1] avg_train_loss": 0.09526900508824517, "[fold1] avg_val_loss": 0.10616976267266852, "[fold1] score": 0.4618361005576217, "[fold2] loss": 0.07419626414775848, "[fold2] lr": 1.2399044911638993e-06, "[fold2] epoch": 5, "[fold2] avg_train_loss": 0.0982204233689229, "[fold2] avg_val_loss": 0.10801825843884817, "[fold2] score": 0.4657878446847398, "[fold3] loss": 0.06957944482564926, "[fold3] lr": 1.2399044911638993e-06, "[fold3] epoch": 5, "[fold3] avg_train_loss": 0.09614205740563705, "[fold3] avg_val_loss": 0.1085338952863003, "[fold3] score": 0.4669444436074361, "[fold4] loss": 0.09926874935626984, "[fold4] lr": 1.2399044911638993e-06, "[fold4] epoch": 5, "[fold4] avg_train_loss": 0.09890359346671483, "[fold4] avg_val_loss": 0.10477010572276761, "[fold4] score": 0.4589354796086813, "_wandb": {"runtime": 6100}}