{"[fold0] loss": 0.09847240149974823, "[fold0] lr": 1.7243540244854177e-07, "_timestamp": 1667362826.1248312, "_runtime": 14459.636578083038, "_step": 9799, "[fold0] epoch": 5, "[fold0] avg_train_loss": 0.1040081472119407, "[fold0] avg_val_loss": 0.10772618689500463, "[fold0] score": 0.46497096400957666, "[fold1] loss": 0.1669357717037201, "[fold1] lr": 1.7243540244854177e-07, "[fold1] epoch": 5, "[fold1] avg_train_loss": 0.11039948962686007, "[fold1] avg_val_loss": 0.11334991709140069, "[fold1] score": 0.47736998705919614, "[fold2] loss": 0.07487444579601288, "[fold2] lr": 1.7243540244854177e-07, "[fold2] epoch": 5, "[fold2] avg_train_loss": 0.10084421219080306, "[fold2] avg_val_loss": 0.10683237244863339, "[fold2] score": 0.46386431137736106, "[fold3] loss": 0.07212702929973602, "[fold3] lr": 1.7243540244854177e-07, "[fold3] epoch": 5, "[fold3] avg_train_loss": 0.12220473597040567, "[fold3] avg_val_loss": 0.12917157839936064, "[fold3] score": 0.5107485879080949, "[fold4] loss": 0.11219076812267303, "[fold4] lr": 1.7243540244854177e-07, "[fold4] epoch": 5, "[fold4] avg_train_loss": 0.10379262909750499, "[fold4] avg_val_loss": 0.10731921150632527, "[fold4] score": 0.4647658951105322, "_wandb": {"runtime": 14461}}